Subreddit1,Subreddit2,Weight
2007scape,AskReddit,4700.0
2007scape,BlackPeopleTwitter,1000.0
2007scape,GlobalOffensive,1400.0
2007scape,Overwatch,1300.0
2007scape,The_Donald,1000.0
2007scape,funny,1300.0
2007scape,gaming,900.0
2007scape,gifs,900.0
2007scape,leagueoflegends,2800.0
2007scape,nfl,1800.0
2007scape,pcmasterrace,900.0
2007scape,pics,1400.0
2007scape,politics,900.0
2007scape,runescape,6200.0
2007scape,worldnews,1300.0
3dshacks,AskReddit,1600.0
3dshacks,SVExchange,1100.0
AdviceAnimals,Android,1500.0
AdviceAnimals,AskMen,1900.0
AdviceAnimals,AskReddit,43900.0
AdviceAnimals,BlackPeopleTwitter,3100.0
AdviceAnimals,CFB,3300.0
AdviceAnimals,CasualConversation,1000.0
AdviceAnimals,CringeAnarchy,3200.0
AdviceAnimals,Documentaries,1900.0
AdviceAnimals,DotA2,1000.0
AdviceAnimals,EnoughTrumpSpam,1900.0
AdviceAnimals,Fitness,1000.0
AdviceAnimals,Futurology,2900.0
AdviceAnimals,Games,1500.0
AdviceAnimals,GlobalOffensive,1100.0
AdviceAnimals,IAmA,2200.0
AdviceAnimals,Jokes,1700.0
AdviceAnimals,KotakuInAction,1200.0
AdviceAnimals,LifeProTips,3200.0
AdviceAnimals,MMA,1400.0
AdviceAnimals,Music,1400.0
AdviceAnimals,NoStupidQuestions,1100.0
AdviceAnimals,OldSchoolCool,2500.0
AdviceAnimals,Overwatch,2500.0
AdviceAnimals,PS4,900.0
AdviceAnimals,SandersForPresident,2500.0
AdviceAnimals,Showerthoughts,5700.0
AdviceAnimals,SquaredCircle,1400.0
AdviceAnimals,StarWars,2100.0
AdviceAnimals,SubredditDrama,1500.0
AdviceAnimals,The_Donald,4500.0
AdviceAnimals,TumblrInAction,2300.0
AdviceAnimals,TwoXChromosomes,1100.0
AdviceAnimals,WTF,7800.0
AdviceAnimals,anime,900.0
AdviceAnimals,apple,1300.0
AdviceAnimals,atheism,3000.0
AdviceAnimals,australia,1000.0
AdviceAnimals,aww,5800.0
AdviceAnimals,baseball,1000.0
AdviceAnimals,books,1600.0
AdviceAnimals,buildapc,900.0
AdviceAnimals,canada,1900.0
AdviceAnimals,cars,1600.0
AdviceAnimals,changemyview,1000.0
AdviceAnimals,conspiracy,2000.0
AdviceAnimals,dataisbeautiful,1400.0
AdviceAnimals,explainlikeimfive,2100.0
AdviceAnimals,food,1100.0
AdviceAnimals,funny,17600.0
AdviceAnimals,gaming,7700.0
AdviceAnimals,gifs,10800.0
AdviceAnimals,guns,1100.0
AdviceAnimals,hearthstone,1000.0
AdviceAnimals,hiphopheads,900.0
AdviceAnimals,hockey,900.0
AdviceAnimals,leagueoflegends,2000.0
AdviceAnimals,legaladvice,900.0
AdviceAnimals,magicTCG,900.0
AdviceAnimals,me_irl,1400.0
AdviceAnimals,mildlyinteresting,4000.0
AdviceAnimals,movies,6500.0
AdviceAnimals,nba,3200.0
AdviceAnimals,news,17800.0
AdviceAnimals,nfl,5000.0
AdviceAnimals,nottheonion,2100.0
AdviceAnimals,pcgaming,1100.0
AdviceAnimals,pcmasterrace,3600.0
AdviceAnimals,personalfinance,1100.0
AdviceAnimals,pics,18300.0
AdviceAnimals,pokemon,900.0
AdviceAnimals,pokemongo,1200.0
AdviceAnimals,politics,16100.0
AdviceAnimals,relationships,1400.0
AdviceAnimals,science,1400.0
AdviceAnimals,skyrim,900.0
AdviceAnimals,soccer,1400.0
AdviceAnimals,space,900.0
AdviceAnimals,sports,1500.0
AdviceAnimals,technology,7100.0
AdviceAnimals,teenagers,1000.0
AdviceAnimals,television,2700.0
AdviceAnimals,tifu,2200.0
AdviceAnimals,todayilearned,15800.0
AdviceAnimals,trees,2300.0
AdviceAnimals,unitedkingdom,900.0
AdviceAnimals,videos,10200.0
AdviceAnimals,wholesomememes,1600.0
AdviceAnimals,worldnews,13600.0
AdviceAnimals,wow,1600.0
AdviceAnimals,xboxone,900.0
Amd,AskReddit,4500.0
Amd,Futurology,1000.0
Amd,Games,900.0
Amd,GlobalOffensive,1200.0
Amd,Overwatch,1200.0
Amd,The_Donald,1100.0
Amd,buildapc,2800.0
Amd,gaming,2000.0
Amd,news,900.0
Amd,pcgaming,2700.0
Amd,pcmasterrace,8200.0
Amd,pics,1200.0
Amd,politics,1400.0
Amd,todayilearned,1500.0
Amd,worldnews,1300.0
Android,AskReddit,8900.0
Android,CFB,1100.0
Android,Futurology,1500.0
Android,Games,2100.0
Android,NintendoSwitch,1300.0
Android,Overwatch,1600.0
Android,PS4,1500.0
Android,SandersForPresident,900.0
Android,Showerthoughts,1000.0
Android,SquaredCircle,1100.0
Android,The_Donald,1100.0
Android,Vive,900.0
Android,WTF,1200.0
Android,apple,3000.0
Android,books,900.0
Android,explainlikeimfive,900.0
Android,funny,3600.0
Android,gaming,2200.0
Android,gifs,2500.0
Android,mildlyinteresting,1000.0
Android,movies,1300.0
Android,nba,900.0
Android,news,3000.0
Android,nfl,1100.0
Android,pcgaming,900.0
Android,pcmasterrace,3100.0
Android,personalfinance,900.0
Android,pics,3400.0
Android,politics,3300.0
Android,space,900.0
Android,technology,3100.0
Android,television,1200.0
Android,todayilearned,2800.0
Android,videos,2600.0
Android,worldnews,2600.0
AskMen,AskReddit,22200.0
AskMen,AskWomen,4300.0
AskMen,BlackPeopleTwitter,1100.0
AskMen,CFB,1900.0
AskMen,CasualConversation,1500.0
AskMen,CringeAnarchy,900.0
AskMen,Documentaries,900.0
AskMen,Fitness,1400.0
AskMen,Futurology,1100.0
AskMen,IAmA,1200.0
AskMen,LifeProTips,1000.0
AskMen,MMA,1000.0
AskMen,NoStupidQuestions,1500.0
AskMen,OkCupid,900.0
AskMen,Showerthoughts,2400.0
AskMen,SubredditDrama,1200.0
AskMen,The_Donald,1500.0
AskMen,TumblrInAction,1000.0
AskMen,TwoXChromosomes,1400.0
AskMen,WTF,1300.0
AskMen,anime,900.0
AskMen,aww,900.0
AskMen,books,1200.0
AskMen,cars,1100.0
AskMen,changemyview,900.0
AskMen,explainlikeimfive,1000.0
AskMen,funny,2400.0
AskMen,gaming,1500.0
AskMen,gifs,1600.0
AskMen,leagueoflegends,1100.0
AskMen,mildlyinteresting,1000.0
AskMen,movies,2000.0
AskMen,nba,1200.0
AskMen,news,3800.0
AskMen,nfl,2000.0
AskMen,pcmasterrace,1200.0
AskMen,pics,3300.0
AskMen,politics,3300.0
AskMen,relationships,2600.0
AskMen,sex,1500.0
AskMen,technology,1600.0
AskMen,television,1000.0
AskMen,todayilearned,2900.0
AskMen,videos,2600.0
AskMen,worldnews,3300.0
AskReddit,AskWomen,16400.0
AskReddit,Bitcoin,2900.0
AskReddit,BlackPeopleTwitter,17600.0
AskReddit,CFB,23500.0
AskReddit,CasualConversation,11400.0
AskReddit,Christianity,4500.0
AskReddit,ClashRoyale,3000.0
AskReddit,CollegeBasketball,6400.0
AskReddit,Competitiveoverwatch,2400.0
AskReddit,Cricket,2600.0
AskReddit,CringeAnarchy,14800.0
AskReddit,DBZDokkanBattle,1200.0
AskReddit,DestinyTheGame,6500.0
AskReddit,DnD,7400.0
AskReddit,Documentaries,12100.0
AskReddit,DotA2,6400.0
AskReddit,Drugs,6100.0
AskReddit,EliteDangerous,3800.0
AskReddit,EnoughTrumpSpam,8900.0
AskReddit,Eve,3100.0
AskReddit,FFBraveExvius,1100.0
AskReddit,FFXV,2200.0
AskReddit,FIFA,2600.0
AskReddit,FashionReps,900.0
AskReddit,Fitness,11700.0
AskReddit,Futurology,24900.0
AskReddit,Games,13400.0
AskReddit,GlobalOffensive,11400.0
AskReddit,Gunners,1700.0
AskReddit,IAmA,24900.0
AskReddit,Incels,3800.0
AskReddit,Jokes,29200.0
AskReddit,KotakuInAction,4700.0
AskReddit,LifeProTips,27400.0
AskReddit,LiverpoolFC,2100.0
AskReddit,MMA,11200.0
AskReddit,MaddenUltimateTeam,1000.0
AskReddit,MakeupAddiction,5200.0
AskReddit,MechanicalKeyboards,3000.0
AskReddit,Music,15500.0
AskReddit,NHLHUT,1100.0
AskReddit,NintendoSwitch,5100.0
AskReddit,NoFap,2600.0
AskReddit,NoStupidQuestions,11000.0
AskReddit,OkCupid,2500.0
AskReddit,OldSchoolCool,19900.0
AskReddit,Overwatch,32600.0
AskReddit,PS4,7000.0
AskReddit,Patriots,2500.0
AskReddit,Philippines,2200.0
AskReddit,PokeMoonSun,1000.0
AskReddit,Pokemongiveaway,1200.0
AskReddit,RWBY,2900.0
AskReddit,Rainbow6,5400.0
AskReddit,Random_Acts_Of_Amazon,1700.0
AskReddit,RoastMe,9100.0
AskReddit,RocketLeague,4800.0
AskReddit,RocketLeagueExchange,3100.0
AskReddit,SandersForPresident,7700.0
AskReddit,Showerthoughts,106400.0
AskReddit,Smite,2100.0
AskReddit,Sneakers,3300.0
AskReddit,SquaredCircle,17500.0
AskReddit,StarWars,17600.0
AskReddit,SubredditDrama,7900.0
AskReddit,TheSilphRoad,4400.0
AskReddit,The_Donald,33500.0
AskReddit,TumblrInAction,15000.0
AskReddit,TwoXChromosomes,24600.0
AskReddit,Vive,3500.0
AskReddit,WTF,41500.0
AskReddit,Warframe,2900.0
AskReddit,altright,1900.0
AskReddit,anime,11700.0
AskReddit,apple,7100.0
AskReddit,askgaybros,4300.0
AskReddit,atheism,16500.0
AskReddit,australia,5500.0
AskReddit,aww,43300.0
AskReddit,baseball,8600.0
AskReddit,battlefield_one,7500.0
AskReddit,bindingofisaac,4200.0
AskReddit,bodybuilding,2900.0
AskReddit,books,13800.0
AskReddit,brasil,1600.0
AskReddit,buildapc,8000.0
AskReddit,canada,10100.0
AskReddit,cars,10100.0
AskReddit,changemyview,5800.0
AskReddit,churning,1400.0
AskReddit,conspiracy,8900.0
AskReddit,dankmemes,6300.0
AskReddit,darksouls3,3800.0
AskReddit,dataisbeautiful,11300.0
AskReddit,de,2000.0
AskReddit,electronic_cigarette,3000.0
AskReddit,europe,7300.0
AskReddit,exmormon,1400.0
AskReddit,explainlikeimfive,25100.0
AskReddit,ffxiv,2300.0
AskReddit,fivenightsatfreddys,1500.0
AskReddit,food,12700.0
AskReddit,funny,127200.0
AskReddit,gaming,74200.0
AskReddit,gifs,68100.0
AskReddit,gonewild,4800.0
AskReddit,guns,8100.0
AskReddit,hardwareswap,1700.0
AskReddit,hearthstone,8800.0
AskReddit,heroesofthestorm,3000.0
AskReddit,hiphopheads,6600.0
AskReddit,hockey,16400.0
AskReddit,india,2800.0
AskReddit,jailbreak,2200.0
AskReddit,leagueoflegends,19800.0
AskReddit,legaladvice,7600.0
AskReddit,loseit,3800.0
AskReddit,magicTCG,7900.0
AskReddit,me_irl,9600.0
AskReddit,mildlyinteresting,49200.0
AskReddit,movies,53100.0
AskReddit,nba,20800.0
AskReddit,news,108100.0
AskReddit,nfl,46900.0
AskReddit,nottheonion,18700.0
AskReddit,pathofexile,2700.0
AskReddit,pcgaming,5000.0
AskReddit,pcmasterrace,26200.0
AskReddit,personalfinance,18600.0
AskReddit,pics,133100.0
AskReddit,pokemon,9200.0
AskReddit,pokemongo,7400.0
AskReddit,pokemontrades,1300.0
AskReddit,politics,86500.0
AskReddit,reddevils,2500.0
AskReddit,relationships,25300.0
AskReddit,runescape,2000.0
AskReddit,science,7200.0
AskReddit,sex,8000.0
AskReddit,skyrim,6400.0
AskReddit,smashbros,2400.0
AskReddit,soccer,14100.0
AskReddit,space,8200.0
AskReddit,sports,13100.0
AskReddit,starcitizen,2400.0
AskReddit,stevenuniverse,4700.0
AskReddit,stopdrinking,1800.0
AskReddit,streetwear,4900.0
AskReddit,summonerswar,1100.0
AskReddit,technology,21700.0
AskReddit,teenagers,9900.0
AskReddit,teenmom,2400.0
AskReddit,television,26800.0
AskReddit,tf2,3200.0
AskReddit,thedivision,1200.0
AskReddit,tifu,27700.0
AskReddit,titanfall,3700.0
AskReddit,todayilearned,117700.0
AskReddit,trees,14900.0
AskReddit,ukpolitics,3400.0
AskReddit,unitedkingdom,8400.0
AskReddit,videos,81800.0
AskReddit,wholesomememes,10400.0
AskReddit,worldnews,90300.0
AskReddit,wow,7500.0
AskReddit,xboxone,6400.0
AskWomen,CasualConversation,1200.0
AskWomen,MakeupAddiction,1300.0
AskWomen,NoStupidQuestions,900.0
AskWomen,Showerthoughts,1400.0
AskWomen,TwoXChromosomes,2100.0
AskWomen,funny,1000.0
AskWomen,news,1400.0
AskWomen,pics,1100.0
AskWomen,politics,1000.0
AskWomen,relationships,3200.0
AskWomen,sex,1200.0
AskWomen,todayilearned,1000.0
Bitcoin,Futurology,3000.0
Bitcoin,Showerthoughts,900.0
Bitcoin,The_Donald,2000.0
Bitcoin,funny,1000.0
Bitcoin,gaming,1000.0
Bitcoin,news,2000.0
Bitcoin,pics,1100.0
Bitcoin,politics,2500.0
Bitcoin,technology,2500.0
Bitcoin,todayilearned,1300.0
Bitcoin,videos,1300.0
Bitcoin,worldnews,2200.0
BlackPeopleTwitter,CFB,2600.0
BlackPeopleTwitter,CringeAnarchy,2300.0
BlackPeopleTwitter,DotA2,900.0
BlackPeopleTwitter,EnoughTrumpSpam,1700.0
BlackPeopleTwitter,Fitness,1000.0
BlackPeopleTwitter,Futurology,1400.0
BlackPeopleTwitter,Games,900.0
BlackPeopleTwitter,GlobalOffensive,1300.0
BlackPeopleTwitter,IAmA,1300.0
BlackPeopleTwitter,Jokes,1000.0
BlackPeopleTwitter,LifeProTips,1000.0
BlackPeopleTwitter,MMA,1700.0
BlackPeopleTwitter,Music,1400.0
BlackPeopleTwitter,OldSchoolCool,1400.0
BlackPeopleTwitter,Overwatch,2400.0
BlackPeopleTwitter,PS4,1000.0
BlackPeopleTwitter,RoastMe,1100.0
BlackPeopleTwitter,SandersForPresident,1300.0
BlackPeopleTwitter,Showerthoughts,2300.0
BlackPeopleTwitter,SquaredCircle,1800.0
BlackPeopleTwitter,SubredditDrama,1000.0
BlackPeopleTwitter,The_Donald,3100.0
BlackPeopleTwitter,TumblrInAction,1700.0
BlackPeopleTwitter,WTF,3000.0
BlackPeopleTwitter,apple,900.0
BlackPeopleTwitter,atheism,1300.0
BlackPeopleTwitter,aww,1900.0
BlackPeopleTwitter,cars,1100.0
BlackPeopleTwitter,conspiracy,1400.0
BlackPeopleTwitter,dankmemes,1400.0
BlackPeopleTwitter,dataisbeautiful,1400.0
BlackPeopleTwitter,funny,5800.0
BlackPeopleTwitter,gaming,3500.0
BlackPeopleTwitter,gifs,4000.0
BlackPeopleTwitter,hiphopheads,3500.0
BlackPeopleTwitter,hockey,900.0
BlackPeopleTwitter,leagueoflegends,1400.0
BlackPeopleTwitter,me_irl,900.0
BlackPeopleTwitter,mildlyinteresting,2900.0
BlackPeopleTwitter,movies,2800.0
BlackPeopleTwitter,nba,3600.0
BlackPeopleTwitter,news,6600.0
BlackPeopleTwitter,nfl,6200.0
BlackPeopleTwitter,nottheonion,900.0
BlackPeopleTwitter,pcmasterrace,1500.0
BlackPeopleTwitter,pics,6600.0
BlackPeopleTwitter,politics,6200.0
BlackPeopleTwitter,soccer,1900.0
BlackPeopleTwitter,sports,1300.0
BlackPeopleTwitter,streetwear,1400.0
BlackPeopleTwitter,technology,1900.0
BlackPeopleTwitter,teenagers,1000.0
BlackPeopleTwitter,television,1500.0
BlackPeopleTwitter,tifu,900.0
BlackPeopleTwitter,todayilearned,5200.0
BlackPeopleTwitter,trees,1000.0
BlackPeopleTwitter,videos,4600.0
BlackPeopleTwitter,wholesomememes,2000.0
BlackPeopleTwitter,worldnews,5200.0
CFB,CFBOffTopic,5800.0
CFB,CollegeBasketball,24400.0
CFB,CringeAnarchy,900.0
CFB,Documentaries,900.0
CFB,DotA2,900.0
CFB,Futurology,900.0
CFB,Games,1500.0
CFB,IAmA,1500.0
CFB,MMA,2800.0
CFB,Music,1300.0
CFB,Overwatch,1600.0
CFB,PS4,900.0
CFB,RocketLeague,900.0
CFB,SandersForPresident,1100.0
CFB,Showerthoughts,2100.0
CFB,SquaredCircle,3400.0
CFB,StarWars,1700.0
CFB,SubredditDrama,1400.0
CFB,The_Donald,4900.0
CFB,WTF,2100.0
CFB,apple,1000.0
CFB,atheism,1500.0
CFB,aww,1800.0
CFB,baseball,5300.0
CFB,books,900.0
CFB,buildapc,1100.0
CFB,cars,1100.0
CFB,conspiracy,1400.0
CFB,dataisbeautiful,1200.0
CFB,explainlikeimfive,1100.0
CFB,funny,4600.0
CFB,gaming,3000.0
CFB,gifs,2800.0
CFB,guns,1100.0
CFB,hearthstone,900.0
CFB,hiphopheads,1900.0
CFB,hockey,9000.0
CFB,leagueoflegends,1800.0
CFB,magicTCG,900.0
CFB,mildlyinteresting,1800.0
CFB,movies,4700.0
CFB,nba,19500.0
CFB,news,10300.0
CFB,nfl,55900.0
CFB,pcmasterrace,1300.0
CFB,personalfinance,1500.0
CFB,pics,6900.0
CFB,politics,12900.0
CFB,soccer,3200.0
CFB,sports,3200.0
CFB,streetwear,1200.0
CFB,technology,1400.0
CFB,television,2300.0
CFB,todayilearned,6700.0
CFB,videos,4500.0
CFB,wholesomememes,900.0
CFB,worldnews,7000.0
CFB,wow,1500.0
CFB,xboxone,1100.0
CFBOffTopic,CollegeBasketball,1500.0
CFBOffTopic,nfl,1200.0
CasualConversation,NoStupidQuestions,1100.0
CasualConversation,Showerthoughts,1200.0
CasualConversation,funny,1000.0
CasualConversation,gaming,900.0
CasualConversation,gifs,1900.0
CasualConversation,movies,1000.0
CasualConversation,news,1400.0
CasualConversation,pics,1700.0
CasualConversation,relationships,1100.0
CasualConversation,teenagers,1100.0
CasualConversation,todayilearned,1300.0
CasualConversation,videos,1100.0
CasualConversation,worldnews,1300.0
Christianity,Showerthoughts,900.0
Christianity,The_Donald,1000.0
Christianity,atheism,1000.0
Christianity,news,1300.0
Christianity,politics,1500.0
Christianity,todayilearned,900.0
Christianity,worldnews,1300.0
ClashRoyale,GlobalOffensive,1300.0
ClashRoyale,Overwatch,1200.0
ClashRoyale,RocketLeagueExchange,900.0
ClashRoyale,Showerthoughts,900.0
ClashRoyale,funny,1000.0
ClashRoyale,gaming,1200.0
ClashRoyale,pics,1100.0
ClashRoyale,todayilearned,900.0
ClashRoyale,videos,1000.0
CollegeBasketball,baseball,2100.0
CollegeBasketball,hockey,2700.0
CollegeBasketball,movies,1200.0
CollegeBasketball,nba,7200.0
CollegeBasketball,news,2600.0
CollegeBasketball,nfl,11400.0
CollegeBasketball,pics,1700.0
CollegeBasketball,politics,2900.0
CollegeBasketball,soccer,1600.0
CollegeBasketball,television,900.0
CollegeBasketball,todayilearned,1100.0
CollegeBasketball,videos,1600.0
CollegeBasketball,worldnews,1500.0
Competitiveoverwatch,Games,900.0
Competitiveoverwatch,GlobalOffensive,1200.0
Competitiveoverwatch,Overwatch,10500.0
Competitiveoverwatch,leagueoflegends,1100.0
Competitiveoverwatch,politics,1100.0
Competitiveoverwatch,todayilearned,900.0
Competitiveoverwatch,videos,900.0
Cricket,SquaredCircle,1100.0
Cricket,australia,2300.0
Cricket,gifs,900.0
Cricket,india,1000.0
Cricket,movies,900.0
Cricket,nba,1100.0
Cricket,nfl,900.0
Cricket,soccer,2400.0
Cricket,todayilearned,1100.0
Cricket,worldnews,1300.0
CringeAnarchy,Documentaries,1500.0
CringeAnarchy,DotA2,1100.0
CringeAnarchy,EnoughTrumpSpam,1400.0
CringeAnarchy,Futurology,1200.0
CringeAnarchy,Games,1000.0
CringeAnarchy,Jokes,1100.0
CringeAnarchy,KotakuInAction,2900.0
CringeAnarchy,MMA,1300.0
CringeAnarchy,Music,1000.0
CringeAnarchy,OldSchoolCool,1100.0
CringeAnarchy,Overwatch,3200.0
CringeAnarchy,PS4,1100.0
CringeAnarchy,SandersForPresident,1000.0
CringeAnarchy,Showerthoughts,3200.0
CringeAnarchy,The_Donald,6700.0
CringeAnarchy,TumblrInAction,3800.0
CringeAnarchy,WTF,4000.0
CringeAnarchy,altright,1800.0
CringeAnarchy,atheism,900.0
CringeAnarchy,aww,1800.0
CringeAnarchy,bindingofisaac,1100.0
CringeAnarchy,canada,900.0
CringeAnarchy,conspiracy,1300.0
CringeAnarchy,dankmemes,1700.0
CringeAnarchy,explainlikeimfive,1100.0
CringeAnarchy,funny,4100.0
CringeAnarchy,gaming,3300.0
CringeAnarchy,gifs,2800.0
CringeAnarchy,hiphopheads,1000.0
CringeAnarchy,leagueoflegends,1200.0
CringeAnarchy,legaladvice,1000.0
CringeAnarchy,mildlyinteresting,2100.0
CringeAnarchy,movies,2200.0
CringeAnarchy,news,6400.0
CringeAnarchy,nfl,2700.0
CringeAnarchy,nottheonion,1000.0
CringeAnarchy,pcmasterrace,2500.0
CringeAnarchy,pics,4400.0
CringeAnarchy,pokemon,900.0
CringeAnarchy,politics,5800.0
CringeAnarchy,relationships,1200.0
CringeAnarchy,soccer,900.0
CringeAnarchy,sports,900.0
CringeAnarchy,technology,1400.0
CringeAnarchy,teenagers,1100.0
CringeAnarchy,television,1700.0
CringeAnarchy,tf2,1200.0
CringeAnarchy,titanfall,900.0
CringeAnarchy,todayilearned,5600.0
CringeAnarchy,trees,1200.0
CringeAnarchy,videos,2400.0
CringeAnarchy,worldnews,5400.0
DBZDokkanBattle,funny,900.0
DestinyTheGame,Overwatch,2400.0
DestinyTheGame,PS4,1300.0
DestinyTheGame,Showerthoughts,1300.0
DestinyTheGame,StarWars,900.0
DestinyTheGame,funny,1000.0
DestinyTheGame,gaming,2000.0
DestinyTheGame,gifs,900.0
DestinyTheGame,news,1000.0
DestinyTheGame,pics,1100.0
DestinyTheGame,thedivision,1000.0
DestinyTheGame,titanfall,900.0
DestinyTheGame,xboxone,1400.0
DnD,Overwatch,1500.0
DnD,funny,1700.0
DnD,gaming,1500.0
DnD,hockey,1000.0
DnD,magicTCG,1200.0
DnD,news,900.0
DnD,nottheonion,900.0
DnD,pics,1400.0
DnD,politics,1000.0
DnD,skyrim,900.0
DnD,todayilearned,1500.0
DnD,worldnews,1400.0
Documentaries,Futurology,2300.0
Documentaries,Jokes,1900.0
Documentaries,KotakuInAction,1100.0
Documentaries,LifeProTips,1400.0
Documentaries,OldSchoolCool,1700.0
Documentaries,Overwatch,1100.0
Documentaries,Showerthoughts,2900.0
Documentaries,The_Donald,4000.0
Documentaries,TumblrInAction,1000.0
Documentaries,TwoXChromosomes,1500.0
Documentaries,WTF,1500.0
Documentaries,aww,2000.0
Documentaries,conspiracy,1700.0
Documentaries,dataisbeautiful,1200.0
Documentaries,europe,1000.0
Documentaries,food,900.0
Documentaries,funny,4300.0
Documentaries,gaming,2800.0
Documentaries,gifs,3200.0
Documentaries,mildlyinteresting,1400.0
Documentaries,movies,1200.0
Documentaries,nba,900.0
Documentaries,news,9800.0
Documentaries,nfl,1700.0
Documentaries,nottheonion,1800.0
Documentaries,pcmasterrace,900.0
Documentaries,pics,6000.0
Documentaries,politics,6400.0
Documentaries,relationships,900.0
Documentaries,sports,1400.0
Documentaries,technology,1700.0
Documentaries,television,2100.0
Documentaries,tifu,900.0
Documentaries,todayilearned,5500.0
Documentaries,trees,1100.0
Documentaries,videos,4900.0
Documentaries,worldnews,8000.0
DotA2,Games,2100.0
DotA2,GlobalOffensive,3100.0
DotA2,Overwatch,3700.0
DotA2,Shadowverse,900.0
DotA2,The_Donald,1800.0
DotA2,WTF,1100.0
DotA2,anime,1300.0
DotA2,bindingofisaac,1000.0
DotA2,explainlikeimfive,900.0
DotA2,funny,1600.0
DotA2,gaming,1500.0
DotA2,gifs,1400.0
DotA2,hearthstone,2400.0
DotA2,hockey,1100.0
DotA2,leagueoflegends,1900.0
DotA2,mildlyinteresting,900.0
DotA2,movies,1500.0
DotA2,nba,1900.0
DotA2,news,1900.0
DotA2,nfl,1200.0
DotA2,pathofexile,1100.0
DotA2,pcgaming,900.0
DotA2,pcmasterrace,2100.0
DotA2,pics,1500.0
DotA2,politics,1700.0
DotA2,soccer,1600.0
DotA2,todayilearned,2100.0
DotA2,videos,2200.0
DotA2,worldnews,2600.0
Drugs,funny,1100.0
Drugs,news,1300.0
Drugs,pics,1300.0
Drugs,todayilearned,1400.0
Drugs,trees,2800.0
Drugs,videos,1200.0
Drugs,worldnews,1800.0
EliteDangerous,Games,1000.0
EliteDangerous,Overwatch,900.0
EliteDangerous,funny,1100.0
EliteDangerous,gaming,2000.0
EliteDangerous,news,1000.0
EliteDangerous,pcmasterrace,2000.0
EliteDangerous,pics,1600.0
EliteDangerous,politics,900.0
EliteDangerous,starcitizen,1600.0
EliteDangerous,todayilearned,1100.0
EliteDangerous,videos,1000.0
EliteDangerous,worldnews,2000.0
EliteDangerous,xboxone,900.0
EnoughTrumpSpam,Futurology,2000.0
EnoughTrumpSpam,OldSchoolCool,900.0
EnoughTrumpSpam,Overwatch,1700.0
EnoughTrumpSpam,SandersForPresident,2700.0
EnoughTrumpSpam,Showerthoughts,1600.0
EnoughTrumpSpam,StarWars,900.0
EnoughTrumpSpam,SubredditDrama,2200.0
EnoughTrumpSpam,The_Donald,2700.0
EnoughTrumpSpam,TumblrInAction,1200.0
EnoughTrumpSpam,TwoXChromosomes,900.0
EnoughTrumpSpam,WTF,2000.0
EnoughTrumpSpam,atheism,1000.0
EnoughTrumpSpam,aww,1200.0
EnoughTrumpSpam,canada,900.0
EnoughTrumpSpam,conspiracy,1000.0
EnoughTrumpSpam,funny,1700.0
EnoughTrumpSpam,gaming,1000.0
EnoughTrumpSpam,gifs,1300.0
EnoughTrumpSpam,hockey,1400.0
EnoughTrumpSpam,leagueoflegends,900.0
EnoughTrumpSpam,movies,1700.0
EnoughTrumpSpam,nba,1400.0
EnoughTrumpSpam,news,9300.0
EnoughTrumpSpam,nfl,2400.0
EnoughTrumpSpam,nottheonion,1600.0
EnoughTrumpSpam,pics,4000.0
EnoughTrumpSpam,politics,17300.0
EnoughTrumpSpam,technology,1500.0
EnoughTrumpSpam,television,1900.0
EnoughTrumpSpam,todayilearned,4000.0
EnoughTrumpSpam,videos,2200.0
EnoughTrumpSpam,worldnews,6100.0
Eve,funny,1000.0
Eve,gaming,900.0
Eve,pcmasterrace,900.0
Eve,politics,1100.0
Eve,todayilearned,1400.0
Eve,videos,900.0
Eve,worldnews,900.0
FFBraveExvius,FFRecordKeeper,1600.0
FFBraveExvius,news,900.0
FFBraveExvius,politics,1100.0
FFXV,gaming,1300.0
FFXV,politics,1100.0
FFXV,worldnews,1000.0
FIFA,Gunners,1200.0
FIFA,SquaredCircle,900.0
FIFA,nba,1200.0
FIFA,news,1000.0
FIFA,nfl,1000.0
FIFA,politics,1100.0
FIFA,reddevils,1800.0
FIFA,soccer,8400.0
FIFA,worldnews,1400.0
FIFA,xboxone,900.0
FashionReps,Sneakers,2000.0
FashionReps,hiphopheads,1000.0
FashionReps,streetwear,4900.0
Fitness,LifeProTips,1100.0
Fitness,Showerthoughts,1300.0
Fitness,aww,900.0
Fitness,bodybuilding,3700.0
Fitness,funny,1800.0
Fitness,gaming,1400.0
Fitness,gifs,2500.0
Fitness,loseit,900.0
Fitness,movies,1000.0
Fitness,nba,900.0
Fitness,news,1300.0
Fitness,nfl,1600.0
Fitness,personalfinance,1000.0
Fitness,pics,2000.0
Fitness,politics,1300.0
Fitness,todayilearned,1900.0
Fitness,videos,1800.0
Fitness,worldnews,1400.0
Futurology,Games,1700.0
Futurology,IAmA,1800.0
Futurology,Jokes,2600.0
Futurology,LifeProTips,3400.0
Futurology,MMA,900.0
Futurology,Music,1000.0
Futurology,OldSchoolCool,1800.0
Futurology,Overwatch,1800.0
Futurology,PS4,900.0
Futurology,SandersForPresident,1900.0
Futurology,Showerthoughts,6000.0
Futurology,SubredditDrama,900.0
Futurology,The_Donald,4100.0
Futurology,TumblrInAction,1200.0
Futurology,TwoXChromosomes,1900.0
Futurology,WTF,1900.0
Futurology,atheism,1300.0
Futurology,australia,900.0
Futurology,aww,1800.0
Futurology,books,900.0
Futurology,canada,1100.0
Futurology,cars,1700.0
Futurology,changemyview,1000.0
Futurology,conspiracy,1800.0
Futurology,dataisbeautiful,2700.0
Futurology,europe,1600.0
Futurology,explainlikeimfive,2100.0
Futurology,food,1200.0
Futurology,funny,6900.0
Futurology,gaming,4600.0
Futurology,gifs,4200.0
Futurology,leagueoflegends,900.0
Futurology,mildlyinteresting,3300.0
Futurology,movies,3800.0
Futurology,nba,1100.0
Futurology,news,16100.0
Futurology,nfl,2300.0
Futurology,nottheonion,2100.0
Futurology,pcmasterrace,1800.0
Futurology,personalfinance,2200.0
Futurology,pics,9800.0
Futurology,politics,13600.0
Futurology,science,1300.0
Futurology,space,1400.0
Futurology,sports,1100.0
Futurology,technology,4400.0
Futurology,teenagers,900.0
Futurology,television,3500.0
Futurology,tifu,1200.0
Futurology,todayilearned,11200.0
Futurology,ukpolitics,1100.0
Futurology,videos,6500.0
Futurology,worldnews,15300.0
Games,GlobalOffensive,1900.0
Games,KotakuInAction,1200.0
Games,MMA,1000.0
Games,NintendoSwitch,2700.0
Games,Overwatch,4500.0
Games,PS4,4000.0
Games,RocketLeague,900.0
Games,Showerthoughts,1400.0
Games,SquaredCircle,2400.0
Games,StarWars,1500.0
Games,SubredditDrama,1900.0
Games,The_Donald,1300.0
Games,TumblrInAction,1000.0
Games,Vive,1100.0
Games,WTF,1200.0
Games,Warframe,1100.0
Games,anime,1000.0
Games,bindingofisaac,1400.0
Games,books,1100.0
Games,cars,1000.0
Games,europe,900.0
Games,ffxiv,1100.0
Games,funny,2300.0
Games,gaming,6900.0
Games,gifs,2100.0
Games,hearthstone,1600.0
Games,hiphopheads,1000.0
Games,hockey,1100.0
Games,leagueoflegends,1300.0
Games,magicTCG,1000.0
Games,movies,6000.0
Games,nba,1100.0
Games,news,4900.0
Games,nfl,3600.0
Games,pcgaming,4000.0
Games,pcmasterrace,3300.0
Games,pics,5200.0
Games,pokemon,1000.0
Games,politics,6400.0
Games,soccer,2100.0
Games,starcitizen,900.0
Games,technology,2300.0
Games,television,3300.0
Games,todayilearned,3900.0
Games,videos,5400.0
Games,worldnews,5200.0
Games,xboxone,2600.0
GlobalOffensive,GlobalOffensiveTrade,3500.0
GlobalOffensive,MMA,1200.0
GlobalOffensive,OldSchoolCool,1000.0
GlobalOffensive,Overwatch,4500.0
GlobalOffensive,Rainbow6,1300.0
GlobalOffensive,Showerthoughts,1500.0
GlobalOffensive,SquaredCircle,1400.0
GlobalOffensive,The_Donald,1400.0
GlobalOffensive,anime,900.0
GlobalOffensive,bindingofisaac,1000.0
GlobalOffensive,brasil,1000.0
GlobalOffensive,buildapc,1500.0
GlobalOffensive,funny,1800.0
GlobalOffensive,gaming,3300.0
GlobalOffensive,gifs,1700.0
GlobalOffensive,hardwareswap,900.0
GlobalOffensive,hearthstone,1900.0
GlobalOffensive,hiphopheads,900.0
GlobalOffensive,hockey,1900.0
GlobalOffensive,leagueoflegends,4500.0
GlobalOffensive,nba,2300.0
GlobalOffensive,news,1800.0
GlobalOffensive,nfl,1900.0
GlobalOffensive,pathofexile,1500.0
GlobalOffensive,pcgaming,1200.0
GlobalOffensive,pcmasterrace,5900.0
GlobalOffensive,pics,2900.0
GlobalOffensive,politics,1900.0
GlobalOffensive,soccer,1700.0
GlobalOffensive,streetwear,900.0
GlobalOffensive,teenagers,1100.0
GlobalOffensive,tf2,1500.0
GlobalOffensive,todayilearned,1900.0
GlobalOffensive,videos,3700.0
GlobalOffensive,worldnews,3200.0
GlobalOffensive,wow,1100.0
Gunners,nba,900.0
Gunners,nfl,1000.0
Gunners,soccer,8800.0
Gunners,videos,1000.0
Gunners,worldnews,900.0
IAmA,Jokes,1900.0
IAmA,LifeProTips,1000.0
IAmA,OldSchoolCool,2000.0
IAmA,Overwatch,1300.0
IAmA,Showerthoughts,3400.0
IAmA,SquaredCircle,1100.0
IAmA,StarWars,1100.0
IAmA,The_Donald,1200.0
IAmA,WTF,1500.0
IAmA,atheism,1100.0
IAmA,aww,1600.0
IAmA,buildapc,1100.0
IAmA,dataisbeautiful,1200.0
IAmA,explainlikeimfive,1900.0
IAmA,funny,5500.0
IAmA,gaming,3100.0
IAmA,gifs,3500.0
IAmA,mildlyinteresting,2600.0
IAmA,movies,2900.0
IAmA,nba,1000.0
IAmA,news,5400.0
IAmA,nfl,2200.0
IAmA,nottheonion,1100.0
IAmA,pcmasterrace,1400.0
IAmA,personalfinance,1000.0
IAmA,pics,6200.0
IAmA,politics,3600.0
IAmA,science,900.0
IAmA,sports,1400.0
IAmA,technology,1800.0
IAmA,television,1700.0
IAmA,tifu,1600.0
IAmA,todayilearned,6700.0
IAmA,trees,1400.0
IAmA,videos,3900.0
IAmA,worldnews,4200.0
Incels,politics,1200.0
Incels,worldnews,1000.0
Jokes,LifeProTips,2700.0
Jokes,OldSchoolCool,2500.0
Jokes,Overwatch,2200.0
Jokes,Showerthoughts,11600.0
Jokes,SquaredCircle,1100.0
Jokes,The_Donald,2000.0
Jokes,TumblrInAction,1000.0
Jokes,TwoXChromosomes,1900.0
Jokes,WTF,2000.0
Jokes,atheism,1300.0
Jokes,aww,3600.0
Jokes,books,900.0
Jokes,dataisbeautiful,1300.0
Jokes,explainlikeimfive,2300.0
Jokes,food,1000.0
Jokes,funny,11900.0
Jokes,gaming,5800.0
Jokes,gifs,6500.0
Jokes,leagueoflegends,900.0
Jokes,me_irl,900.0
Jokes,mildlyinteresting,5100.0
Jokes,movies,3100.0
Jokes,nba,1000.0
Jokes,news,7100.0
Jokes,nfl,1400.0
Jokes,nottheonion,1700.0
Jokes,pcmasterrace,1500.0
Jokes,personalfinance,1000.0
Jokes,pics,9500.0
Jokes,politics,4400.0
Jokes,sports,1500.0
Jokes,technology,1000.0
Jokes,teenagers,1100.0
Jokes,television,2500.0
Jokes,tifu,2500.0
Jokes,todayilearned,6800.0
Jokes,trees,1000.0
Jokes,videos,4300.0
Jokes,wholesomememes,900.0
Jokes,worldnews,6000.0
KotakuInAction,Overwatch,1600.0
KotakuInAction,The_Donald,5800.0
KotakuInAction,TumblrInAction,3300.0
KotakuInAction,WTF,1000.0
KotakuInAction,canada,900.0
KotakuInAction,conspiracy,900.0
KotakuInAction,funny,1300.0
KotakuInAction,gaming,1400.0
KotakuInAction,gifs,1100.0
KotakuInAction,movies,1400.0
KotakuInAction,news,4800.0
KotakuInAction,nfl,1100.0
KotakuInAction,nottheonion,900.0
KotakuInAction,pcmasterrace,1800.0
KotakuInAction,pics,2000.0
KotakuInAction,politics,3300.0
KotakuInAction,technology,1300.0
KotakuInAction,todayilearned,2500.0
KotakuInAction,videos,1800.0
KotakuInAction,worldnews,2600.0
KotakuInAction,wow,1300.0
LifeProTips,MMA,1000.0
LifeProTips,Music,1300.0
LifeProTips,OldSchoolCool,1700.0
LifeProTips,Overwatch,1100.0
LifeProTips,PS4,1200.0
LifeProTips,SandersForPresident,900.0
LifeProTips,Showerthoughts,9800.0
LifeProTips,The_Donald,1700.0
LifeProTips,TwoXChromosomes,2100.0
LifeProTips,WTF,1300.0
LifeProTips,aww,2600.0
LifeProTips,books,1400.0
LifeProTips,conspiracy,900.0
LifeProTips,dataisbeautiful,1400.0
LifeProTips,explainlikeimfive,2600.0
LifeProTips,food,1500.0
LifeProTips,funny,8200.0
LifeProTips,gaming,3900.0
LifeProTips,gifs,5400.0
LifeProTips,mildlyinteresting,4500.0
LifeProTips,movies,3200.0
LifeProTips,nba,1000.0
LifeProTips,news,8400.0
LifeProTips,nfl,1100.0
LifeProTips,nottheonion,2800.0
LifeProTips,pcmasterrace,1400.0
LifeProTips,personalfinance,2000.0
LifeProTips,pics,9700.0
LifeProTips,politics,4100.0
LifeProTips,soccer,900.0
LifeProTips,space,1300.0
LifeProTips,sports,1200.0
LifeProTips,technology,1600.0
LifeProTips,television,1600.0
LifeProTips,tifu,1700.0
LifeProTips,todayilearned,6900.0
LifeProTips,trees,1100.0
LifeProTips,videos,3800.0
LifeProTips,worldnews,6000.0
LiverpoolFC,funny,900.0
LiverpoolFC,nba,1000.0
LiverpoolFC,pics,900.0
LiverpoolFC,soccer,9900.0
LiverpoolFC,worldnews,1200.0
MMA,Music,1000.0
MMA,OldSchoolCool,1100.0
MMA,PS4,1400.0
MMA,Showerthoughts,1400.0
MMA,SquaredCircle,6600.0
MMA,The_Donald,2300.0
MMA,WTF,2700.0
MMA,aww,1400.0
MMA,canada,1300.0
MMA,conspiracy,1700.0
MMA,funny,2400.0
MMA,gaming,1800.0
MMA,gifs,3300.0
MMA,hiphopheads,1100.0
MMA,hockey,1900.0
MMA,leagueoflegends,900.0
MMA,movies,3800.0
MMA,nba,5100.0
MMA,news,5400.0
MMA,nfl,5900.0
MMA,pics,3900.0
MMA,politics,4100.0
MMA,soccer,3500.0
MMA,sports,1600.0
MMA,technology,1300.0
MMA,television,1900.0
MMA,todayilearned,3500.0
MMA,unitedkingdom,1100.0
MMA,videos,5700.0
MMA,worldnews,4700.0
MaddenUltimateTeam,nfl,3900.0
MakeupAddiction,relationships,1300.0
MechanicalKeyboards,buildapc,1000.0
MechanicalKeyboards,hardwareswap,900.0
MechanicalKeyboards,pcmasterrace,2400.0
MechanicalKeyboards,pics,1400.0
Music,OldSchoolCool,1400.0
Music,Overwatch,1700.0
Music,Showerthoughts,2700.0
Music,SquaredCircle,1300.0
Music,The_Donald,1400.0
Music,TwoXChromosomes,1000.0
Music,WTF,1900.0
Music,aww,2100.0
Music,funny,4000.0
Music,gaming,2700.0
Music,gifs,2200.0
Music,hiphopheads,1600.0
Music,hockey,1400.0
Music,mildlyinteresting,1500.0
Music,movies,3900.0
Music,nba,1600.0
Music,news,3300.0
Music,nfl,2000.0
Music,nottheonion,900.0
Music,pics,4500.0
Music,politics,4800.0
Music,sports,900.0
Music,streetwear,900.0
Music,technology,1100.0
Music,television,1800.0
Music,tifu,1000.0
Music,todayilearned,4600.0
Music,trees,900.0
Music,videos,3300.0
Music,wholesomememes,900.0
Music,worldnews,3700.0
NHLHUT,hockey,3700.0
NintendoSwitch,Overwatch,1700.0
NintendoSwitch,PS4,1900.0
NintendoSwitch,SquaredCircle,1000.0
NintendoSwitch,funny,1600.0
NintendoSwitch,gaming,3300.0
NintendoSwitch,movies,1100.0
NintendoSwitch,news,1100.0
NintendoSwitch,nfl,1000.0
NintendoSwitch,pcmasterrace,1300.0
NintendoSwitch,pics,1400.0
NintendoSwitch,pokemon,1100.0
NintendoSwitch,politics,1500.0
NintendoSwitch,smashbros,900.0
NintendoSwitch,stevenuniverse,900.0
NintendoSwitch,technology,1000.0
NintendoSwitch,television,900.0
NintendoSwitch,todayilearned,1600.0
NintendoSwitch,videos,1000.0
NintendoSwitch,worldnews,1200.0
NintendoSwitch,xboxone,1000.0
NoStupidQuestions,Overwatch,1100.0
NoStupidQuestions,Showerthoughts,1900.0
NoStupidQuestions,The_Donald,1000.0
NoStupidQuestions,WTF,900.0
NoStupidQuestions,changemyview,900.0
NoStupidQuestions,explainlikeimfive,2200.0
NoStupidQuestions,funny,1600.0
NoStupidQuestions,gaming,1000.0
NoStupidQuestions,gifs,900.0
NoStupidQuestions,mildlyinteresting,1300.0
NoStupidQuestions,movies,1100.0
NoStupidQuestions,news,1500.0
NoStupidQuestions,nottheonion,900.0
NoStupidQuestions,pcmasterrace,1000.0
NoStupidQuestions,personalfinance,900.0
NoStupidQuestions,pics,2900.0
NoStupidQuestions,politics,2100.0
NoStupidQuestions,todayilearned,2000.0
NoStupidQuestions,videos,1900.0
NoStupidQuestions,worldnews,1800.0
OkCupid,politics,1400.0
OldSchoolCool,Overwatch,900.0
OldSchoolCool,Showerthoughts,6900.0
OldSchoolCool,SquaredCircle,900.0
OldSchoolCool,The_Donald,1800.0
OldSchoolCool,TumblrInAction,1100.0
OldSchoolCool,TwoXChromosomes,1400.0
OldSchoolCool,WTF,1900.0
OldSchoolCool,atheism,900.0
OldSchoolCool,aww,3800.0
OldSchoolCool,books,1100.0
OldSchoolCool,conspiracy,1100.0
OldSchoolCool,dataisbeautiful,1300.0
OldSchoolCool,food,1400.0
OldSchoolCool,funny,8900.0
OldSchoolCool,gaming,3100.0
OldSchoolCool,gifs,5800.0
OldSchoolCool,me_irl,1000.0
OldSchoolCool,mildlyinteresting,4700.0
OldSchoolCool,movies,3600.0
OldSchoolCool,nba,1000.0
OldSchoolCool,news,7800.0
OldSchoolCool,nfl,1500.0
OldSchoolCool,nottheonion,1900.0
OldSchoolCool,pcmasterrace,900.0
OldSchoolCool,personalfinance,1200.0
OldSchoolCool,pics,8500.0
OldSchoolCool,politics,5200.0
OldSchoolCool,space,1100.0
OldSchoolCool,sports,2000.0
OldSchoolCool,technology,1100.0
OldSchoolCool,television,3400.0
OldSchoolCool,tifu,1900.0
OldSchoolCool,todayilearned,6800.0
OldSchoolCool,videos,5400.0
OldSchoolCool,worldnews,7000.0
Overwatch,PS4,2700.0
Overwatch,Rainbow6,1300.0
Overwatch,RocketLeague,2000.0
Overwatch,RocketLeagueExchange,1200.0
Overwatch,SandersForPresident,1200.0
Overwatch,Showerthoughts,4800.0
Overwatch,Smite,1600.0
Overwatch,SquaredCircle,1800.0
Overwatch,StarWars,2300.0
Overwatch,The_Donald,2900.0
Overwatch,TumblrInAction,2400.0
Overwatch,WTF,3000.0
Overwatch,Warframe,2300.0
Overwatch,anime,2400.0
Overwatch,atheism,1600.0
Overwatch,aww,2100.0
Overwatch,battlefield_one,1200.0
Overwatch,bindingofisaac,2300.0
Overwatch,buildapc,1100.0
Overwatch,canada,900.0
Overwatch,dankmemes,1600.0
Overwatch,darksouls3,1500.0
Overwatch,dataisbeautiful,1000.0
Overwatch,europe,1000.0
Overwatch,explainlikeimfive,1300.0
Overwatch,ffxiv,2000.0
Overwatch,funny,7500.0
Overwatch,gaming,11100.0
Overwatch,gifs,4700.0
Overwatch,hearthstone,3800.0
Overwatch,heroesofthestorm,2200.0
Overwatch,hiphopheads,1200.0
Overwatch,hockey,2000.0
Overwatch,leagueoflegends,6000.0
Overwatch,magicTCG,2600.0
Overwatch,me_irl,1400.0
Overwatch,mildlyinteresting,2600.0
Overwatch,movies,4700.0
Overwatch,nba,2400.0
Overwatch,news,7700.0
Overwatch,nfl,4500.0
Overwatch,nottheonion,1000.0
Overwatch,pathofexile,1200.0
Overwatch,pcgaming,1600.0
Overwatch,pcmasterrace,7800.0
Overwatch,personalfinance,1100.0
Overwatch,pics,7000.0
Overwatch,pokemon,2100.0
Overwatch,pokemongo,1100.0
Overwatch,politics,5600.0
Overwatch,runescape,1000.0
Overwatch,skyrim,1800.0
Overwatch,smashbros,1400.0
Overwatch,soccer,1200.0
Overwatch,sports,1000.0
Overwatch,starcitizen,1000.0
Overwatch,stevenuniverse,1200.0
Overwatch,technology,2800.0
Overwatch,television,2900.0
Overwatch,tf2,3600.0
Overwatch,thedivision,900.0
Overwatch,tifu,1400.0
Overwatch,titanfall,1900.0
Overwatch,todayilearned,7000.0
Overwatch,trees,1600.0
Overwatch,videos,5300.0
Overwatch,wholesomememes,1300.0
Overwatch,worldnews,6300.0
Overwatch,wow,4000.0
Overwatch,xboxone,1400.0
PS4,Rainbow6,1500.0
PS4,RocketLeague,900.0
PS4,Showerthoughts,1500.0
PS4,SquaredCircle,2800.0
PS4,StarWars,1000.0
PS4,The_Donald,1600.0
PS4,apple,2000.0
PS4,atheism,900.0
PS4,aww,1100.0
PS4,battlefield_one,1400.0
PS4,funny,1700.0
PS4,gaming,4800.0
PS4,gifs,1600.0
PS4,hiphopheads,900.0
PS4,hockey,900.0
PS4,jailbreak,900.0
PS4,mildlyinteresting,1100.0
PS4,movies,2500.0
PS4,nba,1200.0
PS4,news,2400.0
PS4,nfl,2800.0
PS4,pcmasterrace,1700.0
PS4,pics,2400.0
PS4,politics,2300.0
PS4,soccer,1100.0
PS4,television,1400.0
PS4,thedivision,1000.0
PS4,todayilearned,1300.0
PS4,videos,1100.0
PS4,worldnews,1700.0
PS4,xboxone,5100.0
Patriots,The_Donald,1100.0
Patriots,nba,1100.0
Patriots,news,900.0
Patriots,nfl,17700.0
Patriots,pics,1300.0
Patriots,politics,2300.0
Patriots,television,900.0
Patriots,todayilearned,900.0
Patriots,videos,1000.0
PokeMoonSun,Pokemongiveaway,2000.0
PokeMoonSun,pokemon,1100.0
PokeMoonSun,pokemontrades,2200.0
Pokemongiveaway,SVExchange,4100.0
Pokemongiveaway,pokemon,1600.0
Pokemongiveaway,pokemontrades,11000.0
RWBY,anime,900.0
RWBY,politics,1100.0
Rainbow6,Showerthoughts,900.0
Rainbow6,The_Donald,1100.0
Rainbow6,battlefield_one,2100.0
Rainbow6,funny,1100.0
Rainbow6,gaming,2500.0
Rainbow6,movies,900.0
Rainbow6,news,1400.0
Rainbow6,pcmasterrace,2400.0
Rainbow6,pics,1000.0
Rainbow6,todayilearned,1000.0
Rainbow6,videos,1100.0
Rainbow6,worldnews,1200.0
Rainbow6,xboxone,1000.0
Random_Acts_Of_Amazon,pics,1000.0
RoastMe,Showerthoughts,1500.0
RoastMe,The_Donald,900.0
RoastMe,WTF,1500.0
RoastMe,aww,900.0
RoastMe,funny,2600.0
RoastMe,gifs,1500.0
RoastMe,mildlyinteresting,1500.0
RoastMe,movies,1000.0
RoastMe,news,1300.0
RoastMe,nfl,900.0
RoastMe,pics,2000.0
RoastMe,todayilearned,1300.0
RoastMe,videos,1500.0
RoastMe,worldnews,1200.0
RocketLeague,RocketLeagueExchange,9100.0
RocketLeague,funny,900.0
RocketLeague,gaming,2400.0
RocketLeague,gifs,1400.0
RocketLeague,hockey,1000.0
RocketLeague,news,900.0
RocketLeague,nfl,1500.0
RocketLeague,pcmasterrace,1800.0
RocketLeague,pics,1300.0
RocketLeague,politics,1400.0
RocketLeague,videos,1400.0
RocketLeague,worldnews,1400.0
RocketLeagueExchange,nfl,1000.0
RocketLeagueExchange,pcmasterrace,1000.0
RocketLeagueExchange,xboxone,1000.0
SVExchange,pokemontrades,10400.0
SandersForPresident,Showerthoughts,1400.0
SandersForPresident,The_Donald,5100.0
SandersForPresident,TwoXChromosomes,1000.0
SandersForPresident,WTF,2200.0
SandersForPresident,atheism,1600.0
SandersForPresident,aww,900.0
SandersForPresident,conspiracy,2500.0
SandersForPresident,funny,1900.0
SandersForPresident,gaming,900.0
SandersForPresident,gifs,1600.0
SandersForPresident,leagueoflegends,900.0
SandersForPresident,movies,1800.0
SandersForPresident,nba,1000.0
SandersForPresident,news,8500.0
SandersForPresident,nfl,2600.0
SandersForPresident,nottheonion,1700.0
SandersForPresident,pcmasterrace,900.0
SandersForPresident,pics,4300.0
SandersForPresident,politics,17500.0
SandersForPresident,sports,900.0
SandersForPresident,technology,2500.0
SandersForPresident,television,1300.0
SandersForPresident,todayilearned,4300.0
SandersForPresident,videos,2300.0
SandersForPresident,worldnews,5500.0
Shadowverse,hearthstone,2000.0
Shadowverse,leagueoflegends,1000.0
Showerthoughts,SquaredCircle,1200.0
Showerthoughts,StarWars,2400.0
Showerthoughts,The_Donald,5000.0
Showerthoughts,TumblrInAction,2200.0
Showerthoughts,TwoXChromosomes,6700.0
Showerthoughts,WTF,6500.0
Showerthoughts,anime,900.0
Showerthoughts,apple,1800.0
Showerthoughts,atheism,2500.0
Showerthoughts,australia,1400.0
Showerthoughts,aww,10600.0
Showerthoughts,battlefield_one,1800.0
Showerthoughts,bindingofisaac,1000.0
Showerthoughts,books,2500.0
Showerthoughts,buildapc,900.0
Showerthoughts,canada,1200.0
Showerthoughts,cars,1600.0
Showerthoughts,conspiracy,1500.0
Showerthoughts,dankmemes,2200.0
Showerthoughts,darksouls3,1000.0
Showerthoughts,dataisbeautiful,3700.0
Showerthoughts,electronic_cigarette,900.0
Showerthoughts,europe,1100.0
Showerthoughts,explainlikeimfive,7400.0
Showerthoughts,food,3300.0
Showerthoughts,funny,28900.0
Showerthoughts,gaming,14500.0
Showerthoughts,gifs,14800.0
Showerthoughts,guns,1300.0
Showerthoughts,hearthstone,1000.0
Showerthoughts,hiphopheads,1500.0
Showerthoughts,hockey,2700.0
Showerthoughts,leagueoflegends,3000.0
Showerthoughts,legaladvice,1200.0
Showerthoughts,magicTCG,1000.0
Showerthoughts,me_irl,2400.0
Showerthoughts,mildlyinteresting,16700.0
Showerthoughts,movies,7800.0
Showerthoughts,nba,2700.0
Showerthoughts,news,20600.0
Showerthoughts,nfl,4500.0
Showerthoughts,nottheonion,5200.0
Showerthoughts,pcgaming,1000.0
Showerthoughts,pcmasterrace,4500.0
Showerthoughts,personalfinance,4900.0
Showerthoughts,pics,29900.0
Showerthoughts,pokemon,1100.0
Showerthoughts,pokemongo,1400.0
Showerthoughts,politics,12000.0
Showerthoughts,relationships,2100.0
Showerthoughts,science,1200.0
Showerthoughts,skyrim,1000.0
Showerthoughts,soccer,1400.0
Showerthoughts,space,3300.0
Showerthoughts,sports,2100.0
Showerthoughts,technology,4500.0
Showerthoughts,teenagers,1200.0
Showerthoughts,television,4600.0
Showerthoughts,tifu,7600.0
Showerthoughts,todayilearned,24300.0
Showerthoughts,trees,3600.0
Showerthoughts,unitedkingdom,1100.0
Showerthoughts,videos,13100.0
Showerthoughts,wholesomememes,2200.0
Showerthoughts,worldnews,18600.0
Showerthoughts,wow,1100.0
Showerthoughts,xboxone,1100.0
Smite,funny,1100.0
Smite,leagueoflegends,1000.0
Smite,nfl,1000.0
Sneakers,cars,900.0
Sneakers,hiphopheads,1000.0
Sneakers,nba,1500.0
Sneakers,nfl,1000.0
Sneakers,pics,1300.0
Sneakers,streetwear,7100.0
SquaredCircle,StarWars,1100.0
SquaredCircle,The_Donald,2300.0
SquaredCircle,WTF,1300.0
SquaredCircle,aww,1100.0
SquaredCircle,baseball,1700.0
SquaredCircle,bindingofisaac,1100.0
SquaredCircle,conspiracy,1000.0
SquaredCircle,funny,2000.0
SquaredCircle,gaming,3500.0
SquaredCircle,gifs,1900.0
SquaredCircle,hiphopheads,2400.0
SquaredCircle,hockey,3900.0
SquaredCircle,leagueoflegends,2500.0
SquaredCircle,movies,2900.0
SquaredCircle,nba,5500.0
SquaredCircle,news,5300.0
SquaredCircle,nfl,9800.0
SquaredCircle,pcmasterrace,1300.0
SquaredCircle,pics,3100.0
SquaredCircle,pokemon,900.0
SquaredCircle,politics,5300.0
SquaredCircle,soccer,3600.0
SquaredCircle,sports,1500.0
SquaredCircle,teenagers,1000.0
SquaredCircle,television,3100.0
SquaredCircle,todayilearned,3700.0
SquaredCircle,unitedkingdom,900.0
SquaredCircle,videos,2700.0
SquaredCircle,worldnews,4200.0
SquaredCircle,xboxone,1000.0
StarWars,The_Donald,1200.0
StarWars,WTF,1400.0
StarWars,atheism,1000.0
StarWars,aww,1500.0
StarWars,baseball,900.0
StarWars,changemyview,1000.0
StarWars,explainlikeimfive,1400.0
StarWars,funny,2300.0
StarWars,gaming,4000.0
StarWars,gifs,2100.0
StarWars,hockey,1100.0
StarWars,mildlyinteresting,1100.0
StarWars,movies,8400.0
StarWars,nba,1000.0
StarWars,news,4200.0
StarWars,nfl,3300.0
StarWars,nottheonion,1000.0
StarWars,pcgaming,1100.0
StarWars,pcmasterrace,1500.0
StarWars,pics,4400.0
StarWars,politics,4700.0
StarWars,sports,1000.0
StarWars,technology,900.0
StarWars,television,3000.0
StarWars,todayilearned,4400.0
StarWars,trees,1000.0
StarWars,videos,2700.0
StarWars,worldnews,2800.0
SubredditDrama,TumblrInAction,1100.0
SubredditDrama,europe,1100.0
SubredditDrama,funny,1400.0
SubredditDrama,gaming,1200.0
SubredditDrama,gifs,1100.0
SubredditDrama,mildlyinteresting,1000.0
SubredditDrama,movies,2100.0
SubredditDrama,nba,1000.0
SubredditDrama,news,5800.0
SubredditDrama,nfl,2500.0
SubredditDrama,nottheonion,1100.0
SubredditDrama,pcmasterrace,1000.0
SubredditDrama,pics,2700.0
SubredditDrama,politics,7500.0
SubredditDrama,soccer,1000.0
SubredditDrama,technology,1100.0
SubredditDrama,television,900.0
SubredditDrama,todayilearned,2300.0
SubredditDrama,videos,2000.0
SubredditDrama,worldnews,3500.0
TheSilphRoad,funny,1400.0
TheSilphRoad,nba,900.0
TheSilphRoad,news,1200.0
TheSilphRoad,pics,900.0
TheSilphRoad,pokemongo,11800.0
TheSilphRoad,todayilearned,1100.0
The_Donald,TumblrInAction,3600.0
The_Donald,TwoXChromosomes,1900.0
The_Donald,WTF,4100.0
The_Donald,altright,6600.0
The_Donald,apple,1800.0
The_Donald,atheism,2900.0
The_Donald,aww,2300.0
The_Donald,baseball,1400.0
The_Donald,battlefield_one,1600.0
The_Donald,books,1000.0
The_Donald,buildapc,1000.0
The_Donald,canada,2000.0
The_Donald,cars,1200.0
The_Donald,changemyview,1100.0
The_Donald,conspiracy,11600.0
The_Donald,dankmemes,1500.0
The_Donald,dataisbeautiful,1300.0
The_Donald,europe,1700.0
The_Donald,explainlikeimfive,1000.0
The_Donald,ffxiv,900.0
The_Donald,food,1400.0
The_Donald,funny,9000.0
The_Donald,gaming,5500.0
The_Donald,gifs,6000.0
The_Donald,guns,3100.0
The_Donald,hearthstone,900.0
The_Donald,hiphopheads,1100.0
The_Donald,hockey,2400.0
The_Donald,leagueoflegends,1200.0
The_Donald,me_irl,1500.0
The_Donald,mildlyinteresting,3600.0
The_Donald,movies,5500.0
The_Donald,nba,3300.0
The_Donald,news,44000.0
The_Donald,nfl,8000.0
The_Donald,nottheonion,3400.0
The_Donald,pcmasterrace,4000.0
The_Donald,personalfinance,1400.0
The_Donald,pics,18700.0
The_Donald,pokemongo,900.0
The_Donald,politics,44100.0
The_Donald,relationships,900.0
The_Donald,runescape,900.0
The_Donald,science,1200.0
The_Donald,soccer,1400.0
The_Donald,sports,1600.0
The_Donald,starcitizen,1000.0
The_Donald,technology,3900.0
The_Donald,television,4500.0
The_Donald,tifu,1400.0
The_Donald,todayilearned,9800.0
The_Donald,trees,2300.0
The_Donald,ukpolitics,1200.0
The_Donald,videos,8100.0
The_Donald,wholesomememes,1200.0
The_Donald,worldnews,26500.0
The_Donald,wow,1400.0
TumblrInAction,TwoXChromosomes,1000.0
TumblrInAction,WTF,2900.0
TumblrInAction,atheism,1200.0
TumblrInAction,aww,1000.0
TumblrInAction,funny,4200.0
TumblrInAction,gaming,2300.0
TumblrInAction,gifs,2400.0
TumblrInAction,hockey,900.0
TumblrInAction,leagueoflegends,1200.0
TumblrInAction,magicTCG,1200.0
TumblrInAction,mildlyinteresting,1600.0
TumblrInAction,news,7900.0
TumblrInAction,nfl,2100.0
TumblrInAction,nottheonion,1300.0
TumblrInAction,pcmasterrace,1500.0
TumblrInAction,pics,5400.0
TumblrInAction,pokemon,900.0
TumblrInAction,politics,4700.0
TumblrInAction,technology,1300.0
TumblrInAction,teenagers,900.0
TumblrInAction,television,1000.0
TumblrInAction,todayilearned,3700.0
TumblrInAction,trees,1000.0
TumblrInAction,videos,2100.0
TumblrInAction,wholesomememes,1300.0
TumblrInAction,worldnews,3900.0
TwoXChromosomes,WTF,1700.0
TwoXChromosomes,atheism,900.0
TwoXChromosomes,aww,2400.0
TwoXChromosomes,books,1000.0
TwoXChromosomes,dataisbeautiful,900.0
TwoXChromosomes,explainlikeimfive,1500.0
TwoXChromosomes,food,1400.0
TwoXChromosomes,funny,4900.0
TwoXChromosomes,gaming,2300.0
TwoXChromosomes,gifs,4300.0
TwoXChromosomes,leagueoflegends,1000.0
TwoXChromosomes,loseit,900.0
TwoXChromosomes,mildlyinteresting,2800.0
TwoXChromosomes,movies,1400.0
TwoXChromosomes,news,8700.0
TwoXChromosomes,nfl,1100.0
TwoXChromosomes,nottheonion,1300.0
TwoXChromosomes,pcmasterrace,1000.0
TwoXChromosomes,personalfinance,1400.0
TwoXChromosomes,pics,7200.0
TwoXChromosomes,politics,4700.0
TwoXChromosomes,relationships,3100.0
TwoXChromosomes,sex,1000.0
TwoXChromosomes,television,1500.0
TwoXChromosomes,tifu,1900.0
TwoXChromosomes,todayilearned,5100.0
TwoXChromosomes,videos,3400.0
TwoXChromosomes,worldnews,5100.0
Vive,funny,1300.0
Vive,gaming,1200.0
Vive,news,1400.0
Vive,pcgaming,900.0
Vive,pcmasterrace,2700.0
Vive,pics,1300.0
Vive,politics,1300.0
Vive,todayilearned,1200.0
Vive,worldnews,1200.0
WTF,anime,900.0
WTF,atheism,3900.0
WTF,australia,1100.0
WTF,aww,4600.0
WTF,battlefield_one,1200.0
WTF,buildapc,900.0
WTF,canada,1700.0
WTF,cars,1700.0
WTF,conspiracy,1800.0
WTF,dataisbeautiful,1900.0
WTF,europe,900.0
WTF,explainlikeimfive,1500.0
WTF,food,900.0
WTF,funny,17700.0
WTF,gaming,8700.0
WTF,gifs,8900.0
WTF,guns,2100.0
WTF,hockey,1600.0
WTF,leagueoflegends,1300.0
WTF,me_irl,1400.0
WTF,mildlyinteresting,4500.0
WTF,movies,3900.0
WTF,nba,2000.0
WTF,news,12400.0
WTF,nfl,4000.0
WTF,nottheonion,1400.0
WTF,pcmasterrace,3300.0
WTF,personalfinance,1200.0
WTF,pics,17800.0
WTF,pokemon,900.0
WTF,politics,13000.0
WTF,soccer,1200.0
WTF,space,1100.0
WTF,sports,1400.0
WTF,technology,5300.0
WTF,television,2500.0
WTF,tifu,2000.0
WTF,todayilearned,14700.0
WTF,trees,1400.0
WTF,unitedkingdom,1100.0
WTF,videos,11400.0
WTF,wholesomememes,1200.0
WTF,worldnews,12000.0
WTF,xboxone,1000.0
Warframe,funny,1100.0
Warframe,gaming,1100.0
Warframe,leagueoflegends,1200.0
Warframe,pcmasterrace,900.0
Warframe,politics,900.0
Warframe,todayilearned,1100.0
altright,news,2300.0
altright,pics,1100.0
altright,politics,1500.0
altright,todayilearned,1000.0
altright,videos,900.0
altright,worldnews,1700.0
anime,dankmemes,900.0
anime,funny,2200.0
anime,gaming,3700.0
anime,gifs,900.0
anime,hearthstone,1400.0
anime,leagueoflegends,3500.0
anime,magicTCG,1200.0
anime,movies,1900.0
anime,nba,1200.0
anime,news,2400.0
anime,nfl,1300.0
anime,pcmasterrace,2600.0
anime,pics,2100.0
anime,pokemon,900.0
anime,politics,1700.0
anime,todayilearned,2400.0
anime,videos,1300.0
anime,worldnews,2200.0
anime,wow,1100.0
apple,explainlikeimfive,900.0
apple,funny,2500.0
apple,gaming,900.0
apple,jailbreak,1200.0
apple,mildlyinteresting,1100.0
apple,movies,2100.0
apple,news,2500.0
apple,nfl,1400.0
apple,pcmasterrace,1300.0
apple,pics,2800.0
apple,politics,3900.0
apple,technology,2100.0
apple,todayilearned,2400.0
apple,videos,2100.0
apple,worldnews,2100.0
askgaybros,news,900.0
askgaybros,politics,900.0
atheism,aww,1300.0
atheism,canada,1300.0
atheism,dataisbeautiful,1200.0
atheism,funny,3900.0
atheism,gaming,2200.0
atheism,gifs,2100.0
atheism,hockey,900.0
atheism,mildlyinteresting,1800.0
atheism,movies,1900.0
atheism,news,6400.0
atheism,nfl,1400.0
atheism,nottheonion,1000.0
atheism,pcmasterrace,1500.0
atheism,pics,4900.0
atheism,politics,10400.0
atheism,space,1000.0
atheism,technology,2000.0
atheism,television,1300.0
atheism,todayilearned,6400.0
atheism,trees,1500.0
atheism,videos,3900.0
atheism,worldnews,7100.0
australia,movies,1000.0
australia,news,2300.0
australia,pcmasterrace,900.0
australia,pics,2300.0
australia,politics,3100.0
australia,soccer,900.0
australia,technology,1000.0
australia,television,1000.0
australia,todayilearned,2700.0
australia,videos,1500.0
australia,worldnews,4100.0
aww,canada,1200.0
aww,conspiracy,1100.0
aww,dankmemes,900.0
aww,dataisbeautiful,1500.0
aww,explainlikeimfive,2100.0
aww,food,2500.0
aww,funny,18300.0
aww,gaming,8800.0
aww,gifs,10500.0
aww,hearthstone,900.0
aww,hockey,1100.0
aww,leagueoflegends,900.0
aww,me_irl,1300.0
aww,mildlyinteresting,8400.0
aww,movies,5000.0
aww,nba,1000.0
aww,news,9600.0
aww,nfl,2800.0
aww,nottheonion,1600.0
aww,pcgaming,1000.0
aww,pcmasterrace,1300.0
aww,personalfinance,2000.0
aww,pics,18800.0
aww,pokemongo,900.0
aww,politics,5900.0
aww,relationships,1300.0
aww,science,1200.0
aww,space,1300.0
aww,sports,1700.0
aww,technology,2600.0
aww,television,2900.0
aww,tifu,3400.0
aww,todayilearned,11100.0
aww,trees,2500.0
aww,videos,8400.0
aww,wholesomememes,1600.0
aww,worldnews,7500.0
aww,xboxone,900.0
baseball,funny,1600.0
baseball,gaming,1000.0
baseball,gifs,1600.0
baseball,hockey,5900.0
baseball,movies,2600.0
baseball,nba,6600.0
baseball,news,2600.0
baseball,nfl,13300.0
baseball,pics,3100.0
baseball,politics,3200.0
baseball,soccer,1100.0
baseball,sports,1200.0
baseball,todayilearned,2600.0
baseball,videos,2100.0
baseball,worldnews,1800.0
battlefield_one,funny,2500.0
battlefield_one,gaming,3100.0
battlefield_one,gifs,1500.0
battlefield_one,mildlyinteresting,1300.0
battlefield_one,nba,900.0
battlefield_one,news,1800.0
battlefield_one,nfl,1800.0
battlefield_one,pcmasterrace,2100.0
battlefield_one,pics,2000.0
battlefield_one,politics,3000.0
battlefield_one,soccer,900.0
battlefield_one,technology,900.0
battlefield_one,titanfall,1100.0
battlefield_one,todayilearned,2200.0
battlefield_one,trees,900.0
battlefield_one,videos,2200.0
battlefield_one,worldnews,1800.0
battlefield_one,xboxone,1300.0
bindingofisaac,funny,1000.0
bindingofisaac,gaming,1700.0
bindingofisaac,movies,900.0
bindingofisaac,news,1100.0
bindingofisaac,pathofexile,1000.0
bindingofisaac,pokemon,1200.0
bindingofisaac,politics,1500.0
bindingofisaac,tf2,1000.0
bindingofisaac,videos,900.0
bindingofisaac,worldnews,900.0
bodybuilding,movies,900.0
bodybuilding,videos,900.0
books,dataisbeautiful,900.0
books,explainlikeimfive,1000.0
books,funny,3400.0
books,gaming,1700.0
books,gifs,1900.0
books,movies,2300.0
books,news,5300.0
books,nfl,1500.0
books,nottheonion,1200.0
books,personalfinance,1000.0
books,pics,4100.0
books,politics,4500.0
books,sports,900.0
books,technology,1300.0
books,television,1400.0
books,todayilearned,4900.0
books,videos,2500.0
books,worldnews,5100.0
buildapc,cars,1000.0
buildapc,funny,1600.0
buildapc,gaming,1900.0
buildapc,gifs,1300.0
buildapc,hardwareswap,2600.0
buildapc,leagueoflegends,1100.0
buildapc,news,2100.0
buildapc,nfl,1500.0
buildapc,pcgaming,1300.0
buildapc,pcmasterrace,10900.0
buildapc,pics,2000.0
buildapc,politics,1300.0
buildapc,todayilearned,1800.0
buildapc,videos,1600.0
buildapc,worldnews,900.0
canada,funny,2800.0
canada,gaming,1300.0
canada,gifs,1600.0
canada,hockey,4700.0
canada,mildlyinteresting,1400.0
canada,movies,2400.0
canada,news,5300.0
canada,nfl,1200.0
canada,nottheonion,1000.0
canada,pcmasterrace,1200.0
canada,pics,4000.0
canada,politics,6100.0
canada,soccer,900.0
canada,technology,2000.0
canada,todayilearned,3800.0
canada,videos,3000.0
canada,worldnews,7500.0
cars,funny,1800.0
cars,gaming,1400.0
cars,gifs,1300.0
cars,hockey,900.0
cars,mildlyinteresting,1300.0
cars,movies,1700.0
cars,news,2700.0
cars,nfl,2300.0
cars,pcmasterrace,2000.0
cars,personalfinance,1000.0
cars,pics,2800.0
cars,politics,2700.0
cars,sports,900.0
cars,technology,1400.0
cars,television,900.0
cars,todayilearned,2800.0
cars,videos,2800.0
cars,worldnews,2500.0
changemyview,explainlikeimfive,1400.0
changemyview,funny,1100.0
changemyview,news,3300.0
changemyview,pics,1300.0
changemyview,politics,2800.0
changemyview,relationships,1000.0
changemyview,todayilearned,1700.0
changemyview,worldnews,3000.0
churning,personalfinance,1800.0
conspiracy,funny,3400.0
conspiracy,gaming,1100.0
conspiracy,gifs,2200.0
conspiracy,mildlyinteresting,1900.0
conspiracy,movies,2900.0
conspiracy,nba,2200.0
conspiracy,news,8600.0
conspiracy,nfl,3000.0
conspiracy,nottheonion,1100.0
conspiracy,pcmasterrace,900.0
conspiracy,pics,4700.0
conspiracy,politics,10600.0
conspiracy,technology,1800.0
conspiracy,television,1400.0
conspiracy,todayilearned,4300.0
conspiracy,trees,1300.0
conspiracy,videos,2000.0
conspiracy,worldnews,7300.0
dankmemes,funny,1600.0
dankmemes,gaming,1500.0
dankmemes,gifs,900.0
dankmemes,me_irl,1400.0
dankmemes,mildlyinteresting,1200.0
dankmemes,movies,1100.0
dankmemes,news,1000.0
dankmemes,pcmasterrace,1600.0
dankmemes,pics,1100.0
dankmemes,politics,1100.0
dankmemes,teenagers,1300.0
dankmemes,todayilearned,1000.0
dankmemes,videos,1100.0
dankmemes,wholesomememes,1100.0
dankmemes,worldnews,1500.0
darksouls3,funny,1200.0
darksouls3,gaming,2000.0
darksouls3,gifs,1100.0
darksouls3,leagueoflegends,1200.0
darksouls3,movies,900.0
darksouls3,news,1400.0
darksouls3,pcmasterrace,1000.0
darksouls3,pics,1000.0
darksouls3,politics,900.0
darksouls3,worldnews,900.0
dataisbeautiful,funny,3900.0
dataisbeautiful,gaming,1900.0
dataisbeautiful,gifs,4000.0
dataisbeautiful,leagueoflegends,1100.0
dataisbeautiful,mildlyinteresting,2300.0
dataisbeautiful,movies,2200.0
dataisbeautiful,nba,1100.0
dataisbeautiful,news,5600.0
dataisbeautiful,nfl,1600.0
dataisbeautiful,nottheonion,1200.0
dataisbeautiful,pics,6200.0
dataisbeautiful,politics,4500.0
dataisbeautiful,sports,1300.0
dataisbeautiful,technology,1100.0
dataisbeautiful,television,1300.0
dataisbeautiful,todayilearned,5100.0
dataisbeautiful,trees,900.0
dataisbeautiful,videos,2900.0
dataisbeautiful,worldnews,5800.0
de,europe,2600.0
de,gifs,1000.0
de,news,1000.0
de,pics,1400.0
de,politics,1300.0
de,videos,1400.0
de,worldnews,1900.0
electronic_cigarette,news,1500.0
electronic_cigarette,pics,1300.0
electronic_cigarette,politics,1600.0
electronic_cigarette,worldnews,1700.0
europe,funny,2300.0
europe,gaming,1300.0
europe,gifs,900.0
europe,leagueoflegends,1700.0
europe,movies,900.0
europe,news,3300.0
europe,pcmasterrace,900.0
europe,pics,2700.0
europe,politics,3900.0
europe,soccer,2500.0
europe,technology,1200.0
europe,todayilearned,2600.0
europe,ukpolitics,3600.0
europe,unitedkingdom,3600.0
europe,videos,2100.0
europe,worldnews,11300.0
exmormon,todayilearned,900.0
explainlikeimfive,food,1400.0
explainlikeimfive,funny,6600.0
explainlikeimfive,gaming,4100.0
explainlikeimfive,gifs,4500.0
explainlikeimfive,hearthstone,1000.0
explainlikeimfive,leagueoflegends,1000.0
explainlikeimfive,mildlyinteresting,3800.0
explainlikeimfive,movies,2300.0
explainlikeimfive,news,5800.0
explainlikeimfive,nottheonion,1900.0
explainlikeimfive,pcmasterrace,1200.0
explainlikeimfive,personalfinance,2200.0
explainlikeimfive,pics,8400.0
explainlikeimfive,politics,4400.0
explainlikeimfive,relationships,1600.0
explainlikeimfive,science,900.0
explainlikeimfive,space,1000.0
explainlikeimfive,technology,2200.0
explainlikeimfive,television,2400.0
explainlikeimfive,tifu,2100.0
explainlikeimfive,todayilearned,8600.0
explainlikeimfive,trees,1000.0
explainlikeimfive,videos,3800.0
explainlikeimfive,worldnews,6400.0
ffxiv,gaming,1800.0
ffxiv,leagueoflegends,1200.0
ffxiv,pics,1300.0
ffxiv,todayilearned,900.0
food,funny,3900.0
food,gaming,2700.0
food,gifs,2900.0
food,mildlyinteresting,2300.0
food,movies,1700.0
food,nba,900.0
food,news,2300.0
food,nfl,1800.0
food,personalfinance,1200.0
food,pics,5400.0
food,politics,2800.0
food,sports,1200.0
food,television,1400.0
food,tifu,1300.0
food,todayilearned,3200.0
food,videos,1900.0
food,worldnews,2900.0
funny,gaming,27000.0
funny,gifs,31200.0
funny,guns,2100.0
funny,hearthstone,2800.0
funny,hiphopheads,2500.0
funny,hockey,2600.0
funny,india,900.0
funny,leagueoflegends,4900.0
funny,legaladvice,1200.0
funny,magicTCG,1300.0
funny,me_irl,1700.0
funny,mildlyinteresting,18800.0
funny,movies,13800.0
funny,nba,3500.0
funny,news,33700.0
funny,nfl,8300.0
funny,nottheonion,6600.0
funny,pcgaming,1300.0
funny,pcmasterrace,6200.0
funny,personalfinance,4200.0
funny,pics,58800.0
funny,pokemon,1000.0
funny,pokemongo,1700.0
funny,politics,23500.0
funny,relationships,2000.0
funny,science,2500.0
funny,sex,1100.0
funny,skyrim,2000.0
funny,soccer,2300.0
funny,space,3000.0
funny,sports,5000.0
funny,stevenuniverse,900.0
funny,technology,9700.0
funny,teenagers,1300.0
funny,television,9000.0
funny,tf2,900.0
funny,tifu,5400.0
funny,todayilearned,38100.0
funny,trees,4300.0
funny,unitedkingdom,1700.0
funny,videos,27800.0
funny,wholesomememes,3400.0
funny,worldnews,28200.0
funny,wow,2300.0
funny,xboxone,1500.0
gaming,gifs,17200.0
gaming,guns,1600.0
gaming,hearthstone,2100.0
gaming,heroesofthestorm,900.0
gaming,hiphopheads,900.0
gaming,hockey,2000.0
gaming,leagueoflegends,4700.0
gaming,magicTCG,1200.0
gaming,me_irl,1600.0
gaming,mildlyinteresting,8400.0
gaming,movies,12100.0
gaming,nba,2400.0
gaming,news,17300.0
gaming,nfl,6800.0
gaming,nottheonion,3000.0
gaming,pcgaming,3000.0
gaming,pcmasterrace,13800.0
gaming,personalfinance,2400.0
gaming,pics,27100.0
gaming,pokemon,1900.0
gaming,pokemongo,2200.0
gaming,politics,11200.0
gaming,relationships,1400.0
gaming,science,1000.0
gaming,skyrim,2800.0
gaming,smashbros,1100.0
gaming,soccer,1400.0
gaming,space,2100.0
gaming,sports,2400.0
gaming,starcitizen,1800.0
gaming,stevenuniverse,900.0
gaming,technology,5700.0
gaming,television,6500.0
gaming,tf2,1800.0
gaming,tifu,4100.0
gaming,titanfall,2700.0
gaming,todayilearned,22600.0
gaming,trees,3100.0
gaming,unitedkingdom,1200.0
gaming,videos,17300.0
gaming,wholesomememes,1600.0
gaming,worldnews,16200.0
gaming,wow,3300.0
gaming,xboxone,5200.0
gifs,guns,1200.0
gifs,hearthstone,1200.0
gifs,hockey,2000.0
gifs,leagueoflegends,2200.0
gifs,legaladvice,1200.0
gifs,magicTCG,1200.0
gifs,me_irl,1900.0
gifs,mildlyinteresting,12300.0
gifs,movies,9100.0
gifs,nba,1700.0
gifs,news,22400.0
gifs,nfl,5600.0
gifs,nottheonion,4400.0
gifs,pcgaming,1000.0
gifs,pcmasterrace,4400.0
gifs,personalfinance,2800.0
gifs,pics,31600.0
gifs,pokemongo,1400.0
gifs,politics,13300.0
gifs,relationships,1200.0
gifs,science,1600.0
gifs,soccer,1300.0
gifs,space,2600.0
gifs,sports,3800.0
gifs,technology,3900.0
gifs,television,6000.0
gifs,tifu,5000.0
gifs,todayilearned,22500.0
gifs,trees,2200.0
gifs,ukpolitics,900.0
gifs,unitedkingdom,1400.0
gifs,videos,19500.0
gifs,wholesomememes,1400.0
gifs,worldnews,17800.0
gifs,wow,1000.0
gifs,xboxone,900.0
guns,news,3000.0
guns,nfl,1100.0
guns,pics,2800.0
guns,politics,2200.0
guns,todayilearned,2100.0
guns,videos,1600.0
guns,worldnews,1900.0
hardwareswap,pcmasterrace,3300.0
hearthstone,heroesofthestorm,2400.0
hearthstone,hockey,1000.0
hearthstone,leagueoflegends,4500.0
hearthstone,magicTCG,1800.0
hearthstone,movies,900.0
hearthstone,nba,1700.0
hearthstone,news,2200.0
hearthstone,nfl,1800.0
hearthstone,nottheonion,1000.0
hearthstone,pathofexile,900.0
hearthstone,pcmasterrace,1800.0
hearthstone,pics,2700.0
hearthstone,politics,2300.0
hearthstone,soccer,1200.0
hearthstone,technology,900.0
hearthstone,todayilearned,2300.0
hearthstone,videos,2000.0
hearthstone,worldnews,2400.0
hearthstone,wow,2400.0
heroesofthestorm,pics,1200.0
heroesofthestorm,politics,1600.0
heroesofthestorm,todayilearned,1300.0
heroesofthestorm,worldnews,1200.0
heroesofthestorm,wow,1500.0
hiphopheads,hockey,1100.0
hiphopheads,movies,1100.0
hiphopheads,nba,6900.0
hiphopheads,news,3000.0
hiphopheads,nfl,4800.0
hiphopheads,pics,1500.0
hiphopheads,politics,2000.0
hiphopheads,soccer,1800.0
hiphopheads,streetwear,3600.0
hiphopheads,todayilearned,2100.0
hiphopheads,videos,2800.0
hiphopheads,worldnews,2000.0
hockey,leagueoflegends,2000.0
hockey,magicTCG,1600.0
hockey,mildlyinteresting,1300.0
hockey,movies,2500.0
hockey,nba,5600.0
hockey,news,5700.0
hockey,nfl,17200.0
hockey,pcmasterrace,1200.0
hockey,pics,5300.0
hockey,politics,7300.0
hockey,soccer,3000.0
hockey,sports,2300.0
hockey,technology,1000.0
hockey,television,1800.0
hockey,todayilearned,3800.0
hockey,trees,900.0
hockey,videos,3300.0
hockey,worldnews,4900.0
hockey,wow,1200.0
india,movies,1100.0
india,pics,1300.0
india,todayilearned,1200.0
india,videos,900.0
india,worldnews,2400.0
jailbreak,pcmasterrace,1400.0
jailbreak,worldnews,900.0
leagueoflegends,magicTCG,2600.0
leagueoflegends,me_irl,1000.0
leagueoflegends,mildlyinteresting,1000.0
leagueoflegends,movies,2400.0
leagueoflegends,nba,3000.0
leagueoflegends,news,4800.0
leagueoflegends,nfl,3100.0
leagueoflegends,pathofexile,2300.0
leagueoflegends,pcmasterrace,4000.0
leagueoflegends,pics,4100.0
leagueoflegends,pokemon,1000.0
leagueoflegends,pokemongo,900.0
leagueoflegends,politics,5000.0
leagueoflegends,smashbros,1200.0
leagueoflegends,soccer,2300.0
leagueoflegends,sports,900.0
leagueoflegends,technology,2000.0
leagueoflegends,teenagers,900.0
leagueoflegends,television,1800.0
leagueoflegends,tifu,1200.0
leagueoflegends,todayilearned,4100.0
leagueoflegends,videos,4600.0
leagueoflegends,worldnews,4700.0
leagueoflegends,wow,2600.0
legaladvice,news,1700.0
legaladvice,nfl,1000.0
legaladvice,personalfinance,1900.0
legaladvice,pics,1900.0
legaladvice,politics,2000.0
legaladvice,relationships,3100.0
legaladvice,todayilearned,1800.0
legaladvice,worldnews,1100.0
loseit,news,1000.0
magicTCG,movies,1200.0
magicTCG,news,2600.0
magicTCG,nfl,1800.0
magicTCG,pcmasterrace,1100.0
magicTCG,pics,2000.0
magicTCG,politics,2200.0
magicTCG,technology,900.0
magicTCG,television,900.0
magicTCG,todayilearned,1600.0
magicTCG,videos,1600.0
magicTCG,worldnews,2800.0
magicTCG,wow,900.0
me_irl,mildlyinteresting,1500.0
me_irl,movies,1000.0
me_irl,news,1400.0
me_irl,nfl,900.0
me_irl,pcmasterrace,1200.0
me_irl,pics,2200.0
me_irl,politics,1400.0
me_irl,todayilearned,1600.0
me_irl,trees,1000.0
me_irl,videos,1400.0
me_irl,wholesomememes,1100.0
me_irl,worldnews,1200.0
mildlyinteresting,movies,4300.0
mildlyinteresting,news,9900.0
mildlyinteresting,nfl,2500.0
mildlyinteresting,nottheonion,2400.0
mildlyinteresting,pcmasterrace,3000.0
mildlyinteresting,personalfinance,2300.0
mildlyinteresting,pics,21300.0
mildlyinteresting,pokemon,900.0
mildlyinteresting,pokemongo,1000.0
mildlyinteresting,politics,4900.0
mildlyinteresting,relationships,1400.0
mildlyinteresting,science,900.0
mildlyinteresting,space,2100.0
mildlyinteresting,sports,2500.0
mildlyinteresting,technology,1900.0
mildlyinteresting,teenagers,1000.0
mildlyinteresting,television,3000.0
mildlyinteresting,tifu,3700.0
mildlyinteresting,todayilearned,13100.0
mildlyinteresting,trees,1300.0
mildlyinteresting,videos,8500.0
mildlyinteresting,wholesomememes,1700.0
mildlyinteresting,worldnews,9200.0
movies,nba,4900.0
movies,news,17800.0
movies,nfl,10400.0
movies,nottheonion,3300.0
movies,pcgaming,2000.0
movies,pcmasterrace,3000.0
movies,personalfinance,1700.0
movies,pics,18200.0
movies,pokemongo,1500.0
movies,politics,17500.0
movies,relationships,1000.0
movies,science,1200.0
movies,soccer,3900.0
movies,space,2200.0
movies,sports,3600.0
movies,technology,4500.0
movies,television,12900.0
movies,tifu,1700.0
movies,todayilearned,16600.0
movies,trees,1000.0
movies,unitedkingdom,1400.0
movies,videos,13900.0
movies,wholesomememes,1400.0
movies,worldnews,16700.0
movies,wow,1800.0
movies,xboxone,1800.0
nba,news,9500.0
nba,nfl,46400.0
nba,pcmasterrace,1600.0
nba,personalfinance,1100.0
nba,pics,6700.0
nba,politics,10600.0
nba,smashbros,1100.0
nba,soccer,6800.0
nba,sports,2200.0
nba,streetwear,900.0
nba,teenagers,1100.0
nba,television,2500.0
nba,tifu,1200.0
nba,todayilearned,3300.0
nba,trees,1300.0
nba,videos,5300.0
nba,worldnews,6100.0
nba,wow,1000.0
nba,xboxone,1400.0
news,nfl,23500.0
news,nottheonion,10000.0
news,pathofexile,900.0
news,pcgaming,2500.0
news,pcmasterrace,6300.0
news,personalfinance,6300.0
news,pics,52600.0
news,pokemon,1600.0
news,pokemongo,1200.0
news,politics,96400.0
news,relationships,3100.0
news,science,3800.0
news,sex,1200.0
news,skyrim,1300.0
news,soccer,4900.0
news,space,3500.0
news,sports,6800.0
news,starcitizen,1200.0
news,stevenuniverse,900.0
news,technology,14500.0
news,television,14200.0
news,tifu,5000.0
news,titanfall,900.0
news,todayilearned,42600.0
news,trees,4200.0
news,ukpolitics,1600.0
news,unitedkingdom,2200.0
news,videos,29800.0
news,wholesomememes,1800.0
news,worldnews,83500.0
news,wow,3100.0
news,xboxone,2500.0
nfl,nottheonion,1500.0
nfl,pathofexile,900.0
nfl,pcgaming,1200.0
nfl,pcmasterrace,2300.0
nfl,personalfinance,1800.0
nfl,pics,12700.0
nfl,pokemon,1200.0
nfl,pokemongo,1100.0
nfl,politics,25900.0
nfl,relationships,1700.0
nfl,skyrim,1100.0
nfl,smashbros,1100.0
nfl,soccer,6300.0
nfl,sports,5500.0
nfl,streetwear,1000.0
nfl,technology,3300.0
nfl,teenagers,1200.0
nfl,television,6500.0
nfl,tifu,1800.0
nfl,titanfall,1000.0
nfl,todayilearned,9300.0
nfl,trees,2500.0
nfl,videos,10700.0
nfl,wholesomememes,1300.0
nfl,worldnews,11500.0
nfl,wow,2500.0
nfl,xboxone,2700.0
nottheonion,pcmasterrace,1100.0
nottheonion,personalfinance,1200.0
nottheonion,pics,7900.0
nottheonion,politics,5900.0
nottheonion,relationships,900.0
nottheonion,space,1100.0
nottheonion,sports,1000.0
nottheonion,technology,2200.0
nottheonion,television,1900.0
nottheonion,tifu,1200.0
nottheonion,todayilearned,7600.0
nottheonion,videos,3700.0
nottheonion,worldnews,8700.0
pathofexile,pcmasterrace,1000.0
pathofexile,pics,1000.0
pathofexile,politics,1000.0
pathofexile,todayilearned,1000.0
pathofexile,videos,1100.0
pathofexile,worldnews,1400.0
pcgaming,pcmasterrace,6800.0
pcgaming,pics,1400.0
pcgaming,politics,2200.0
pcgaming,starcitizen,900.0
pcgaming,technology,1500.0
pcgaming,television,1400.0
pcgaming,todayilearned,1900.0
pcgaming,videos,2100.0
pcgaming,worldnews,2500.0
pcgaming,xboxone,1200.0
pcmasterrace,personalfinance,1100.0
pcmasterrace,pics,7100.0
pcmasterrace,pokemon,900.0
pcmasterrace,politics,5700.0
pcmasterrace,skyrim,1300.0
pcmasterrace,soccer,900.0
pcmasterrace,space,900.0
pcmasterrace,starcitizen,1600.0
pcmasterrace,technology,3400.0
pcmasterrace,teenagers,1800.0
pcmasterrace,television,2700.0
pcmasterrace,tf2,1100.0
pcmasterrace,tifu,1600.0
pcmasterrace,titanfall,1900.0
pcmasterrace,todayilearned,5600.0
pcmasterrace,trees,2100.0
pcmasterrace,videos,5500.0
pcmasterrace,wholesomememes,1400.0
pcmasterrace,worldnews,5000.0
pcmasterrace,wow,1300.0
pcmasterrace,xboxone,1700.0
personalfinance,pics,6200.0
personalfinance,politics,4400.0
personalfinance,relationships,2800.0
personalfinance,technology,1300.0
personalfinance,television,1100.0
personalfinance,tifu,1200.0
personalfinance,todayilearned,4400.0
personalfinance,videos,2300.0
personalfinance,worldnews,4900.0
personalfinance,xboxone,900.0
pics,pokemon,1000.0
pics,pokemongo,1700.0
pics,politics,43600.0
pics,relationships,3700.0
pics,science,3100.0
pics,sex,1100.0
pics,skyrim,1600.0
pics,smashbros,1000.0
pics,soccer,4100.0
pics,space,4100.0
pics,sports,7300.0
pics,technology,11500.0
pics,teenagers,1400.0
pics,television,11400.0
pics,tifu,6500.0
pics,titanfall,1100.0
pics,todayilearned,46800.0
pics,trees,4600.0
pics,unitedkingdom,1600.0
pics,videos,32600.0
pics,wholesomememes,3600.0
pics,worldnews,48000.0
pics,wow,2000.0
pics,xboxone,2000.0
pokemon,pokemontrades,3300.0
pokemon,politics,1200.0
pokemon,skyrim,900.0
pokemon,stevenuniverse,1200.0
pokemon,tf2,900.0
pokemon,todayilearned,1800.0
pokemon,videos,1000.0
pokemon,worldnews,1800.0
pokemongo,politics,1600.0
pokemongo,todayilearned,2300.0
pokemongo,videos,1500.0
pokemongo,worldnews,1600.0
politics,relationships,3100.0
politics,science,3500.0
politics,skyrim,1300.0
politics,soccer,3600.0
politics,space,2000.0
politics,sports,3700.0
politics,technology,16700.0
politics,television,11900.0
politics,thedivision,900.0
politics,tifu,2600.0
politics,titanfall,900.0
politics,todayilearned,34100.0
politics,trees,3500.0
politics,ukpolitics,1900.0
politics,unitedkingdom,2500.0
politics,videos,21800.0
politics,wholesomememes,1600.0
politics,worldnews,68900.0
politics,wow,3300.0
politics,xboxone,1800.0
reddevils,soccer,13400.0
reddevils,videos,900.0
relationships,sex,2500.0
relationships,teenmom,900.0
relationships,television,1200.0
relationships,tifu,1400.0
relationships,todayilearned,2900.0
relationships,videos,1200.0
relationships,worldnews,2800.0
science,technology,1800.0
science,television,900.0
science,todayilearned,3800.0
science,videos,1500.0
science,worldnews,3700.0
sex,todayilearned,900.0
skyrim,tf2,1300.0
skyrim,todayilearned,1400.0
smashbros,todayilearned,1000.0
soccer,sports,2200.0
soccer,technology,1000.0
soccer,television,1700.0
soccer,todayilearned,3700.0
soccer,ukpolitics,3300.0
soccer,unitedkingdom,3700.0
soccer,videos,2800.0
soccer,worldnews,5800.0
soccer,xboxone,900.0
space,technology,1500.0
space,tifu,900.0
space,todayilearned,3300.0
space,videos,2100.0
space,worldnews,4900.0
sports,technology,1000.0
sports,television,2300.0
sports,todayilearned,4800.0
sports,videos,5500.0
sports,worldnews,5100.0
starcitizen,todayilearned,900.0
starcitizen,videos,900.0
starcitizen,worldnews,1300.0
stevenuniverse,videos,1000.0
streetwear,teenagers,1300.0
streetwear,trees,1000.0
streetwear,videos,1100.0
technology,television,3900.0
technology,tifu,1200.0
technology,todayilearned,11500.0
technology,trees,1500.0
technology,videos,6800.0
technology,wholesomememes,900.0
technology,worldnews,13800.0
teenagers,todayilearned,1000.0
teenagers,videos,1000.0
teenagers,worldnews,1100.0
television,tifu,1600.0
television,todayilearned,9500.0
television,trees,1500.0
television,videos,8800.0
television,wholesomememes,1100.0
television,worldnews,12600.0
television,wow,1300.0
television,xboxone,1500.0
tifu,todayilearned,6200.0
tifu,trees,1200.0
tifu,videos,3400.0
tifu,worldnews,3100.0
titanfall,worldnews,1000.0
titanfall,xboxone,900.0
todayilearned,trees,3200.0
todayilearned,ukpolitics,1800.0
todayilearned,unitedkingdom,3900.0
todayilearned,videos,27200.0
todayilearned,wholesomememes,2400.0
todayilearned,worldnews,42000.0
todayilearned,wow,2500.0
todayilearned,xboxone,1600.0
trees,videos,3700.0
trees,worldnews,2500.0
ukpolitics,unitedkingdom,10400.0
ukpolitics,videos,1300.0
ukpolitics,worldnews,4000.0
unitedkingdom,videos,2500.0
unitedkingdom,worldnews,6600.0
videos,wholesomememes,2000.0
videos,worldnews,25300.0
videos,wow,2400.0
videos,xboxone,1800.0
wholesomememes,worldnews,2200.0
worldnews,wow,2300.0
worldnews,xboxone,1500.0
